Stray Kids,2PM ,BTS,Way V,SHINee,SuperM,Itzy,TWICE,BlackPink,DreamCatcher,NCT 127,Everglow
Bang Chan,Jun.K,RM,Winwin,Onew,Taemin,Ryujin,Jihyo,Lisa,Yoohyeon,Taeyong,Aisha
Lee Know,Nichkhun,Jungkook,Ten,Minho,Lucas,Lia,Nayeon,Jisoo,SuA,Mark,Onda
Changbin,Taecyeon,J.Hope,Lucas,Key,Kai,Chaeryeong,Momo,Rose,JiU,Jaehyun,E:U
Han,Wooyoung,Taehyung,Yangyang,Taemin,Baekhyun,Yeji,Sana,Jennie,Handong,Johnny,Yiren
Felix,Chansung,Jin,Hendery,,Ten,Yuna,Mina,,Dami,Haechan,Mia
Hyunjin,Junho,Suga,Xiaojun,,Taeyong,,Dahyun,,Gahyeon,Doyoung,Si-hyeon
IN,,Jimin,Kun,,Mark,,Chaeyoung,,Siyeon,Taeil,
Seungmin,,,,,,,Jeongyeon,,,Yuta,
,,,,,,,Tzuyu,,,Jungwoo,
,,,,,,,,,,Taeyong,